loan_amnt,term,int_rate,installment,annual_inc,dti,open_acc,pub_rec,revol_bal,revol_util,total_acc,delinq_2yrs,inq_last_6mths,mort_acc,pub_rec_bankruptcies,credit_score,loan_to_income,monthly_income,installment_to_income,total_credit_accounts,emp_length,home_ownership,verification_status,purpose
4000.0,36.0,7.97,125.3,57347.0,21.41,11.0,0.0,16886.0,86.6,21.0,0.0,0.0,2.0,0.0,717.0,0.06975081521265279,4778.916666666667,0.026219331438436185,32.0,10.0,4.0,1.0,9.0
30000.0,36.0,11.99,996.29,125000.0,11.88,14.0,0.0,24546.0,80.0,32.0,0.0,4.0,5.0,0.0,687.0,0.24,10416.666666666666,0.09564384000000001,46.0,10.0,1.0,2.0,1.0
16000.0,60.0,14.08,372.96,93000.0,24.97,15.0,0.0,12566.0,16.8,41.0,0.0,2.0,3.0,0.0,762.0,0.17204301075268819,7750.0,0.048123870967741934,56.0,6.0,1.0,2.0,2.0
14400.0,36.0,6.92,444.11,48928.17,6.65,2.0,0.0,13090.0,59.5,5.0,0.0,0.0,0.0,0.0,737.0,0.29430898396567867,4077.3475,0.1089213023908313,7.0,10.0,4.0,2.0,1.0
17350.0,60.0,19.52,455.05,39500.0,16.41,6.0,0.0,19005.0,61.9,9.0,0.0,0.0,0.0,0.0,672.0,0.43924050632911393,3291.6666666666665,0.13824303797468354,15.0,8.0,5.0,1.0,1.0
16000.0,60.0,17.1,398.51,74000.0,24.96,9.0,0.0,5079.0,72.6,36.0,1.0,1.0,4.0,0.0,692.0,0.21621621621621623,6166.666666666667,0.06462324324324324,45.0,8.0,1.0,2.0,2.0
6000.0,36.0,9.17,191.28,42000.0,16.03,4.0,0.0,4228.0,86.3,7.0,1.0,0.0,0.0,0.0,687.0,0.14285714285714285,3500.0,0.05465142857142857,11.0,6.0,5.0,2.0,1.0
15000.0,36.0,22.9,579.87,103960.0,18.49,13.0,0.0,41772.0,85.2,19.0,0.0,0.0,4.0,0.0,677.0,0.1442862639476722,8663.333333333334,0.06693382070026933,32.0,5.0,1.0,0.0,2.0
18000.0,60.0,24.49,522.96,56100.0,24.24,15.0,1.0,5367.0,43.6,47.0,0.0,1.0,3.0,1.0,662.0,0.32085561497326204,4675.0,0.11186310160427808,62.0,10.0,1.0,2.0,2.0
12000.0,36.0,15.41,418.4,79700.0,13.13,16.0,1.0,3581.0,8.6,28.0,0.0,1.0,0.0,0.0,667.0,0.15056461731493098,6641.666666666667,0.06299623588456713,44.0,5.0,5.0,2.0,7.0
15000.0,60.0,14.99,356.78,57000.0,18.15,10.0,1.0,9732.0,62.4,30.0,0.0,1.0,8.0,1.0,672.0,0.2631578947368421,4750.0,0.07511157894736842,40.0,10.0,1.0,0.0,2.0
16000.0,36.0,12.12,532.35,61000.0,27.77,13.0,0.0,18256.0,61.5,31.0,5.0,1.0,2.0,0.0,672.0,0.26229508196721313,5083.333333333333,0.10472459016393444,44.0,10.0,1.0,2.0,1.0
2500.0,36.0,9.44,80.02,53000.0,0.79,2.0,0.0,3515.0,35.1,9.0,0.0,0.0,0.0,0.0,672.0,0.04716981132075472,4416.666666666667,0.018117735849056602,11.0,6.0,4.0,0.0,2.0
4675.0,36.0,17.86,168.69,45000.0,36.69,6.0,0.0,2025.0,65.3,13.0,0.0,0.0,0.0,0.0,712.0,0.10388888888888889,3750.0,0.044983999999999996,19.0,3.0,5.0,0.0,2.0
7500.0,36.0,12.69,251.59,65000.0,4.41,15.0,0.0,5927.0,35.5,22.0,0.0,2.0,1.0,0.0,707.0,0.11538461538461539,5416.666666666667,0.04644738461538461,37.0,5.0,5.0,0.0,1.0
28000.0,36.0,7.89,876.0,126000.0,23.28,18.0,0.0,25029.0,31.6,35.0,0.0,1.0,2.0,0.0,727.0,0.2222222222222222,10500.0,0.08342857142857144,53.0,10.0,1.0,0.0,2.0
6000.0,36.0,7.9,187.75,68666.0,19.64,8.0,0.0,43424.0,83.5,25.0,0.0,0.0,4.0,0.0,712.0,0.08737948912125361,5722.166666666667,0.032810998165030726,33.0,5.0,1.0,2.0,2.0
18000.0,36.0,6.99,555.71,100000.0,12.16,6.0,0.0,17010.0,55.4,24.0,0.0,0.0,2.0,0.0,752.0,0.18,8333.333333333334,0.0666852,30.0,10.0,5.0,0.0,1.0
35000.0,36.0,8.19,1099.85,192000.0,7.0,17.0,0.0,54064.0,49.3,25.0,0.0,0.0,1.0,0.0,702.0,0.18229166666666666,16000.0,0.068740625,42.0,9.0,1.0,2.0,2.0
4000.0,36.0,15.77,140.18,40000.0,23.67,26.0,0.0,17829.0,42.8,27.0,0.0,1.0,0.0,0.0,662.0,0.1,3333.3333333333335,0.042054,53.0,6.0,5.0,2.0,2.0
22050.0,36.0,13.99,753.51,85000.0,24.1,14.0,0.0,745.0,2.1,29.0,0.0,2.0,4.0,0.0,802.0,0.25941176470588234,7083.333333333333,0.10637788235294118,43.0,5.0,1.0,2.0,2.0
6650.0,36.0,7.9,208.09,25000.0,2.16,3.0,1.0,178.0,1.5,11.0,0.0,0.0,1.0,1.0,707.0,0.266,2083.3333333333335,0.09988319999999999,14.0,6.0,1.0,2.0,4.0
12000.0,36.0,6.03,365.23,67000.0,0.91,5.0,0.0,1694.0,6.1,17.0,0.0,0.0,1.0,0.0,767.0,0.1791044776119403,5583.333333333333,0.06541432835820896,22.0,5.0,1.0,0.0,4.0
16000.0,60.0,8.39,327.42,110000.0,5.13,5.0,0.0,4280.0,27.4,25.0,0.0,0.0,5.0,0.0,702.0,0.14545454545454545,9166.666666666666,0.03571854545454546,30.0,10.0,5.0,0.0,1.0
35000.0,36.0,10.47,1137.1,129600.0,9.0,11.0,0.0,25731.0,48.8,26.0,0.0,2.0,4.0,0.0,702.0,0.2700617283950617,10800.0,0.10528703703703703,37.0,6.0,4.0,1.0,1.0
20000.0,36.0,9.93,644.69,42500.0,9.46,4.0,0.0,13621.0,80.0,6.0,0.0,1.0,0.0,0.0,662.0,0.47058823529411764,3541.6666666666665,0.18203011764705884,10.0,2.0,5.0,2.0,2.0
15000.0,36.0,5.32,451.73,140000.0,15.8,22.0,0.0,52782.0,47.0,27.0,0.0,1.0,1.0,0.0,692.0,0.10714285714285714,11666.666666666666,0.03871971428571429,49.0,2.0,1.0,1.0,4.0
15000.0,36.0,14.09,513.33,73000.0,13.92,9.0,0.0,8897.0,60.1,18.0,0.0,2.0,1.0,0.0,702.0,0.2054794520547945,6083.333333333333,0.08438301369863015,27.0,4.0,1.0,0.0,2.0
2625.0,36.0,12.99,88.44,24000.0,1.9,2.0,0.0,3451.0,60.5,13.0,0.0,0.0,0.0,0.0,722.0,0.109375,2000.0,0.044219999999999995,15.0,0.0,5.0,0.0,2.0
5000.0,36.0,15.61,174.83,21000.0,23.14,4.0,0.0,3220.0,71.6,8.0,0.0,0.0,0.0,0.0,662.0,0.23809523809523808,1750.0,0.09990285714285715,12.0,1.0,1.0,0.0,2.0
3000.0,36.0,9.76,96.47,65000.0,11.72,5.0,1.0,2223.0,33.0,18.0,0.0,1.0,1.0,1.0,672.0,0.046153846153846156,5416.666666666667,0.017809846153846152,23.0,1.0,5.0,0.0,1.0
10000.0,36.0,15.99,351.53,56000.0,14.44,15.0,0.0,20702.0,30.7,57.0,3.0,1.0,1.0,0.0,687.0,0.17857142857142858,4666.666666666667,0.07532785714285713,72.0,7.0,1.0,1.0,1.0
20000.0,60.0,8.24,407.83,89568.0,20.86,14.0,0.0,18521.0,33.0,38.0,0.0,1.0,1.0,0.0,727.0,0.22329403358342265,7464.0,0.05463960342979635,52.0,10.0,1.0,2.0,1.0
24000.0,36.0,8.99,763.09,1100000.0,3.11,13.0,0.0,94603.0,53.2,38.0,1.0,2.0,3.0,0.0,697.0,0.02181818181818182,91666.66666666667,0.008324618181818181,51.0,10.0,4.0,1.0,4.0
4800.0,36.0,17.99,173.51,28800.0,12.13,8.0,0.0,2692.0,30.6,15.0,1.0,2.0,0.0,0.0,662.0,0.16666666666666666,2400.0,0.07229583333333332,23.0,2.0,4.0,2.0,1.0
6500.0,36.0,9.17,207.22,20000.0,12.34,10.0,0.0,6262.0,27.3,14.0,1.0,1.0,0.0,0.0,707.0,0.325,1666.6666666666667,0.124332,24.0,8.0,5.0,0.0,2.0
16000.0,36.0,15.31,557.08,55000.0,31.05,19.0,1.0,20541.0,74.0,45.0,0.0,2.0,0.0,1.0,677.0,0.2909090909090909,4583.333333333333,0.12154472727272729,64.0,10.0,5.0,2.0,2.0
16000.0,60.0,12.74,361.93,160000.0,15.17,18.0,1.0,26281.0,59.9,32.0,0.0,0.0,2.0,1.0,672.0,0.1,13333.333333333334,0.02714475,50.0,10.0,4.0,1.0,4.0
2800.0,36.0,17.27,100.21,28000.0,27.56,6.0,0.0,8253.0,57.3,11.0,0.0,0.0,0.0,0.0,677.0,0.1,2333.3333333333335,0.04294714285714285,17.0,6.0,5.0,0.0,1.0
20000.0,36.0,10.75,652.41,62000.0,24.29,19.0,0.0,5746.0,19.8,29.0,0.0,0.0,0.0,0.0,707.0,0.3225806451612903,5166.666666666667,0.12627290322580645,48.0,10.0,5.0,2.0,2.0
24000.0,36.0,6.62,736.89,120000.0,16.11,17.0,0.0,29910.0,29.9,40.0,0.0,0.0,3.0,0.0,727.0,0.2,10000.0,0.073689,57.0,2.0,1.0,2.0,1.0
14000.0,60.0,20.49,374.75,92000.0,32.17,12.0,0.0,35576.0,90.1,43.0,0.0,0.0,3.0,0.0,692.0,0.15217391304347827,7666.666666666667,0.048880434782608694,55.0,10.0,1.0,0.0,2.0
15000.0,36.0,7.62,467.43,51000.0,26.38,9.0,0.0,11970.0,27.5,18.0,0.0,0.0,2.0,0.0,772.0,0.29411764705882354,4250.0,0.1099835294117647,27.0,1.0,1.0,0.0,2.0
24000.0,60.0,16.99,596.34,50000.0,22.89,13.0,0.0,9420.0,79.2,28.0,1.0,0.0,1.0,0.0,667.0,0.48,4166.666666666667,0.1431216,41.0,3.0,1.0,2.0,2.0
14000.0,36.0,11.67,462.8,42000.0,7.49,10.0,1.0,4835.0,27.5,28.0,0.0,0.0,4.0,1.0,662.0,0.3333333333333333,3500.0,0.13222857142857145,38.0,3.0,5.0,1.0,4.0
6300.0,36.0,10.15,203.73,33000.0,32.55,7.0,0.0,4778.0,48.3,12.0,0.0,2.0,0.0,0.0,707.0,0.19090909090909092,2750.0,0.07408363636363637,19.0,1.0,5.0,1.0,2.0
12000.0,36.0,11.67,396.69,70000.0,12.45,7.0,0.0,7965.0,67.5,36.0,0.0,0.0,1.0,0.0,687.0,0.17142857142857143,5833.333333333333,0.06800400000000001,43.0,3.0,1.0,0.0,2.0
11000.0,36.0,9.17,350.67,49000.0,15.94,13.0,0.0,12127.0,71.8,26.0,0.0,0.0,0.0,0.0,677.0,0.22448979591836735,4083.3333333333335,0.08587836734693878,39.0,3.0,5.0,0.0,1.0
15000.0,36.0,10.16,485.14,100000.0,25.74,14.0,0.0,12521.0,76.3,37.0,2.0,0.0,3.0,0.0,662.0,0.15,8333.333333333334,0.05821679999999999,51.0,10.0,1.0,2.0,2.0
10000.0,60.0,19.19,260.46,34573.0,15.58,3.0,0.0,12129.0,98.6,8.0,0.0,0.0,0.0,0.0,662.0,0.2892430509357013,2881.0833333333335,0.09040349405605529,11.0,10.0,5.0,2.0,9.0
22000.0,36.0,7.24,681.72,124000.0,20.38,5.0,0.0,23318.0,99.2,22.0,0.0,0.0,0.0,0.0,722.0,0.1774193548387097,10333.333333333334,0.06597290322580646,27.0,10.0,1.0,1.0,2.0
16000.0,36.0,13.18,540.5,45000.0,22.35,13.0,0.0,18050.0,62.7,19.0,1.0,2.0,0.0,0.0,672.0,0.35555555555555557,3750.0,0.14413333333333334,32.0,3.0,5.0,2.0,11.0
28000.0,36.0,7.62,872.52,140000.0,7.29,8.0,0.0,88595.0,41.3,29.0,0.0,1.0,4.0,0.0,742.0,0.2,11666.666666666666,0.07478742857142857,37.0,10.0,1.0,1.0,2.0
10000.0,36.0,12.39,334.01,37802.0,24.06,6.0,0.0,5617.0,81.4,9.0,0.0,0.0,0.0,0.0,722.0,0.26453626792233215,3150.1666666666665,0.10602931061848579,15.0,9.0,5.0,1.0,2.0
3775.0,36.0,11.49,124.47,60000.0,1.4,3.0,1.0,2074.0,44.1,5.0,0.0,0.0,0.0,1.0,677.0,0.06291666666666666,5000.0,0.024894,8.0,10.0,5.0,1.0,1.0
35000.0,60.0,21.45,955.75,80000.0,26.18,13.0,0.0,13611.0,63.0,17.0,4.0,0.0,1.0,0.0,662.0,0.4375,6666.666666666667,0.1433625,30.0,7.0,1.0,2.0,2.0
28000.0,36.0,9.17,892.61,300000.0,1.98,10.0,0.0,21900.0,38.3,15.0,0.0,1.0,1.0,0.0,687.0,0.09333333333333334,25000.0,0.0357044,25.0,2.0,1.0,2.0,2.0
1500.0,36.0,9.58,48.11,39475.0,9.46,6.0,1.0,3098.0,21.5,8.0,0.0,0.0,0.0,1.0,712.0,0.03799873337555415,3289.5833333333335,0.01462495250158328,14.0,2.0,5.0,1.0,2.0
7325.0,36.0,8.24,230.36,48924.0,20.41,15.0,0.0,8048.0,23.4,21.0,0.0,1.0,3.0,0.0,727.0,0.14972201782356306,4077.0,0.05650233014471425,36.0,10.0,1.0,0.0,1.0
7975.0,36.0,14.47,274.4,36000.0,13.63,8.0,0.0,6286.0,39.3,24.0,0.0,1.0,0.0,0.0,667.0,0.22152777777777777,3000.0,0.09146666666666665,32.0,3.0,1.0,1.0,2.0
27000.0,60.0,19.52,708.15,63000.0,30.48,19.0,0.0,21925.0,39.9,46.0,0.0,3.0,0.0,0.0,662.0,0.42857142857142855,5250.0,0.13488571428571428,65.0,10.0,5.0,2.0,2.0
10000.0,36.0,8.67,316.47,38500.0,4.83,4.0,0.0,5619.0,43.2,19.0,0.0,0.0,2.0,0.0,687.0,0.2597402597402597,3208.3333333333335,0.09864,23.0,10.0,1.0,2.0,2.0
28000.0,60.0,22.35,778.92,71000.0,10.53,9.0,0.0,13241.0,78.8,32.0,0.0,1.0,1.0,0.0,662.0,0.39436619718309857,5916.666666666667,0.13164845070422534,41.0,1.0,1.0,2.0,2.0
2400.0,36.0,19.99,89.19,25000.0,27.94,12.0,1.0,2378.0,19.8,37.0,2.0,4.0,0.0,1.0,672.0,0.096,2083.3333333333335,0.042811199999999994,49.0,3.0,5.0,2.0,12.0
36500.0,60.0,16.02,888.0,85000.0,21.26,7.0,0.0,27647.0,43.2,11.0,1.0,0.0,1.0,0.0,702.0,0.4294117647058823,7083.333333333333,0.12536470588235293,18.0,9.0,1.0,2.0,2.0
7775.0,36.0,14.99,269.49,42000.0,10.74,4.0,0.0,2292.0,52.1,10.0,0.0,0.0,0.0,0.0,662.0,0.18511904761904763,3500.0,0.07699714285714286,14.0,6.0,5.0,0.0,2.0
6000.0,36.0,11.44,197.69,51000.0,4.99,27.0,1.0,5204.0,47.7,35.0,2.0,0.0,0.0,1.0,677.0,0.11764705882352941,4250.0,0.04651529411764706,62.0,7.0,5.0,0.0,1.0
20000.0,36.0,7.69,623.88,128000.0,14.94,9.0,0.0,20630.0,91.3,15.0,0.0,0.0,0.0,0.0,707.0,0.15625,10666.666666666666,0.058488750000000006,24.0,10.0,4.0,1.0,1.0
9000.0,36.0,9.25,287.25,55000.0,14.05,12.0,0.0,18534.0,43.1,21.0,0.0,1.0,1.0,0.0,697.0,0.16363636363636364,4583.333333333333,0.06267272727272728,33.0,9.0,1.0,0.0,2.0
6000.0,36.0,11.39,197.55,72000.0,22.63,12.0,0.0,17187.0,93.9,22.0,0.0,0.0,1.0,0.0,697.0,0.08333333333333333,6000.0,0.032925,34.0,6.0,1.0,1.0,12.0
10400.0,36.0,7.97,325.76,43000.0,38.24,10.0,0.0,1404.0,6.7,17.0,0.0,0.0,0.0,0.0,812.0,0.24186046511627907,3583.3333333333335,0.09090976744186045,27.0,1.0,5.0,0.0,2.0
8000.0,36.0,12.74,268.56,80000.0,20.34,7.0,0.0,6316.0,76.1,19.0,0.0,1.0,1.0,0.0,682.0,0.1,6666.666666666667,0.040284,26.0,10.0,5.0,1.0,9.0
20000.0,36.0,9.17,637.58,56000.0,13.67,14.0,0.0,5709.0,41.4,45.0,0.0,0.0,2.0,0.0,722.0,0.35714285714285715,4666.666666666667,0.13662428571428573,59.0,5.0,1.0,1.0,2.0
21000.0,60.0,19.05,545.33,65000.0,7.81,10.0,0.0,9709.0,90.7,14.0,1.0,0.0,0.0,0.0,687.0,0.3230769230769231,5416.666666666667,0.10067630769230769,24.0,6.0,4.0,2.0,4.0
11200.0,36.0,10.75,365.35,62000.0,17.81,15.0,0.0,23123.0,65.1,32.0,7.0,0.0,0.0,0.0,662.0,0.18064516129032257,5166.666666666667,0.07071290322580645,47.0,6.0,4.0,1.0,1.0
15000.0,36.0,7.07,463.64,75000.0,12.61,15.0,0.0,14074.0,31.5,20.0,0.0,0.0,3.0,0.0,727.0,0.2,6250.0,0.0741824,35.0,9.0,1.0,0.0,2.0
8000.0,36.0,15.61,279.72,134000.0,14.24,11.0,0.0,5695.0,29.5,31.0,1.0,1.0,3.0,0.0,722.0,0.05970149253731343,11166.666666666666,0.025049552238805974,42.0,5.0,5.0,1.0,2.0
3600.0,36.0,5.32,108.42,37000.0,13.14,14.0,0.0,3355.0,3.3,28.0,0.0,0.0,0.0,0.0,837.0,0.0972972972972973,3083.3333333333335,0.03516324324324324,42.0,10.0,4.0,0.0,2.0
7000.0,36.0,15.88,245.69,88000.0,14.77,17.0,0.0,11382.0,93.3,37.0,0.0,1.0,1.0,0.0,662.0,0.07954545454545454,7333.333333333333,0.03350318181818182,54.0,2.0,1.0,0.0,2.0
12000.0,36.0,10.91,392.36,57000.0,14.55,8.0,0.0,8408.0,44.3,11.0,0.0,2.0,1.0,0.0,732.0,0.21052631578947367,4750.0,0.0826021052631579,19.0,3.0,1.0,1.0,2.0
16000.0,60.0,15.41,384.1,145000.0,10.1,9.0,0.0,20560.0,95.2,31.0,2.0,0.0,5.0,0.0,672.0,0.1103448275862069,12083.333333333334,0.031787586206896555,40.0,0.0,1.0,2.0,2.0
10000.0,60.0,18.84,258.53,49420.0,13.45,9.0,1.0,4207.0,79.4,25.0,0.0,0.0,0.0,1.0,697.0,0.20234722784297854,4118.333333333333,0.06277539457709429,34.0,7.0,5.0,1.0,2.0
21000.0,60.0,15.05,500.14,70000.0,15.4,7.0,0.0,2921.0,39.5,30.0,9.0,0.0,0.0,0.0,662.0,0.3,5833.333333333333,0.08573828571428571,37.0,0.0,5.0,1.0,2.0
12000.0,36.0,5.32,361.38,90000.0,18.11,12.0,1.0,11481.0,38.1,29.0,0.0,0.0,0.0,0.0,717.0,0.13333333333333333,7500.0,0.048184,41.0,4.0,1.0,0.0,1.0
20000.0,36.0,13.35,677.26,55500.0,23.07,10.0,0.0,24358.0,84.9,23.0,0.0,1.0,3.0,0.0,672.0,0.36036036036036034,4625.0,0.1464345945945946,33.0,1.0,1.0,1.0,2.0
15000.0,36.0,7.24,464.81,172000.0,17.97,13.0,0.0,24125.0,37.2,33.0,0.0,2.0,2.0,0.0,697.0,0.0872093023255814,14333.333333333334,0.03242860465116279,46.0,5.0,5.0,0.0,2.0
7225.0,36.0,9.75,232.29,100000.0,3.01,6.0,0.0,4529.0,66.6,21.0,2.0,1.0,6.0,0.0,667.0,0.07225,8333.333333333334,0.027874799999999998,27.0,4.0,1.0,1.0,1.0
10000.0,36.0,11.49,329.72,75000.0,8.3,12.0,1.0,17850.0,56.8,15.0,1.0,0.0,1.0,0.0,667.0,0.13333333333333333,6250.0,0.0527552,27.0,9.0,1.0,1.0,2.0
10000.0,36.0,12.29,333.53,150000.0,8.56,9.0,0.0,4791.0,27.1,18.0,1.0,0.0,3.0,0.0,707.0,0.06666666666666667,12500.0,0.0266824,27.0,10.0,1.0,2.0,2.0
8000.0,36.0,6.92,246.73,79000.0,11.27,5.0,1.0,7705.0,94.1,18.0,0.0,0.0,3.0,0.0,667.0,0.10126582278481013,6583.333333333333,0.0374779746835443,23.0,5.0,1.0,0.0,2.0
4000.0,36.0,7.59,124.6,33900.0,10.87,7.0,1.0,4249.0,27.6,11.0,0.0,0.0,0.0,0.0,697.0,0.11799410029498525,2825.0,0.044106194690265485,18.0,0.0,1.0,2.0,2.0
30175.0,36.0,7.97,945.16,120000.0,23.31,15.0,0.0,14710.0,55.7,51.0,0.0,0.0,5.0,0.0,702.0,0.25145833333333334,10000.0,0.094516,66.0,2.0,1.0,2.0,2.0
17000.0,60.0,21.0,459.91,55000.0,28.49,12.0,0.0,6451.0,27.8,38.0,2.0,0.0,2.0,0.0,672.0,0.3090909090909091,4583.333333333333,0.10034400000000002,50.0,10.0,1.0,2.0,2.0
12000.0,60.0,16.24,293.35,49600.0,11.95,5.0,0.0,1763.0,23.8,21.0,0.0,0.0,1.0,0.0,672.0,0.24193548387096775,4133.333333333333,0.0709717741935484,26.0,10.0,1.0,1.0,2.0
12000.0,36.0,12.69,402.54,42000.0,34.28,13.0,0.0,19712.0,51.6,14.0,0.0,0.0,0.0,0.0,677.0,0.2857142857142857,3500.0,0.11501142857142858,27.0,3.0,4.0,1.0,2.0
12000.0,36.0,13.98,410.02,72400.0,29.59,12.0,0.0,11052.0,66.2,59.0,0.0,4.0,1.0,0.0,672.0,0.16574585635359115,6033.333333333333,0.06795911602209945,71.0,10.0,4.0,2.0,2.0
21575.0,36.0,25.49,863.42,140000.0,28.12,14.0,0.0,43667.0,80.7,33.0,0.0,0.0,0.0,0.0,687.0,0.15410714285714286,11666.666666666666,0.07400742857142857,47.0,6.0,5.0,2.0,2.0
18000.0,36.0,12.85,605.2,75000.0,7.7,12.0,0.0,11123.0,66.0,17.0,0.0,0.0,0.0,0.0,672.0,0.24,6250.0,0.096832,29.0,10.0,5.0,0.0,1.0
21000.0,36.0,13.98,717.53,68147.11,30.24,12.0,0.0,20939.0,97.4,26.0,0.0,0.0,0.0,0.0,677.0,0.308156868280988,5678.925833333334,0.1263495986843756,38.0,10.0,5.0,1.0,1.0
3025.0,36.0,10.49,98.31,85000.0,18.58,14.0,1.0,6881.0,23.8,40.0,0.0,0.0,2.0,1.0,667.0,0.03558823529411765,7083.333333333333,0.013879058823529413,54.0,1.0,1.0,1.0,9.0
10000.0,36.0,11.99,332.1,123000.0,5.01,9.0,0.0,14111.0,61.9,17.0,0.0,1.0,1.0,0.0,662.0,0.08130081300813008,10250.0,0.032400000000000005,26.0,10.0,1.0,0.0,2.0
10000.0,36.0,18.84,365.76,50000.0,9.5,10.0,0.0,4690.0,16.5,25.0,3.0,1.0,1.0,0.0,672.0,0.2,4166.666666666667,0.0877824,35.0,8.0,5.0,1.0,11.0
28000.0,36.0,7.9,876.13,105000.0,19.54,12.0,0.0,41095.0,48.3,44.0,0.0,0.0,5.0,0.0,707.0,0.26666666666666666,8750.0,0.10012914285714286,56.0,10.0,5.0,0.0,2.0
19975.0,36.0,13.99,682.61,110000.0,11.29,8.0,0.0,16665.0,66.7,9.0,0.0,1.0,1.0,0.0,692.0,0.18159090909090908,9166.666666666666,0.07446654545454547,17.0,10.0,1.0,1.0,2.0
12000.0,60.0,13.65,277.05,150000.0,20.07,17.0,0.0,27429.0,74.3,58.0,0.0,0.0,7.0,0.0,732.0,0.08,12500.0,0.022164,75.0,10.0,1.0,1.0,9.0
20000.0,36.0,8.39,630.34,100000.0,16.08,11.0,0.0,20216.0,97.2,16.0,0.0,0.0,2.0,0.0,667.0,0.2,8333.333333333334,0.0756408,27.0,3.0,1.0,1.0,1.0
8000.0,36.0,6.08,243.67,66000.0,17.5,10.0,0.0,3911.0,7.9,17.0,0.0,1.0,2.0,0.0,762.0,0.12121212121212122,5500.0,0.044303636363636364,27.0,8.0,1.0,0.0,2.0
19825.0,36.0,17.27,709.49,86000.0,5.11,22.0,1.0,13535.0,47.3,26.0,0.0,1.0,2.0,0.0,682.0,0.2305232558139535,7166.666666666667,0.0989986046511628,48.0,10.0,4.0,0.0,1.0
2000.0,36.0,16.29,70.61,24513.0,21.55,10.0,0.0,5184.0,48.4,24.0,0.0,2.0,0.0,0.0,672.0,0.08158936074735855,2042.75,0.03456614857422592,34.0,1.0,4.0,0.0,9.0
10000.0,36.0,7.97,313.23,76000.0,6.54,8.0,0.0,3558.0,11.3,30.0,0.0,0.0,3.0,0.0,717.0,0.13157894736842105,6333.333333333333,0.04945736842105264,38.0,6.0,1.0,2.0,4.0
18000.0,36.0,9.17,573.83,90000.0,13.63,20.0,0.0,18254.0,38.0,42.0,2.0,0.0,2.0,0.0,682.0,0.2,7500.0,0.07651066666666667,62.0,10.0,1.0,0.0,2.0
12000.0,36.0,16.99,427.78,45000.0,32.45,13.0,1.0,5958.0,40.8,28.0,2.0,1.0,1.0,1.0,667.0,0.26666666666666666,3750.0,0.11407466666666666,41.0,6.0,1.0,0.0,2.0
12000.0,60.0,15.61,289.34,80000.0,17.76,10.0,0.0,10214.0,74.0,22.0,0.0,1.0,4.0,0.0,702.0,0.15,6666.666666666667,0.043400999999999995,32.0,10.0,1.0,1.0,2.0
12000.0,36.0,11.99,398.52,98000.0,24.03,14.0,0.0,27678.0,51.5,29.0,1.0,1.0,2.0,0.0,687.0,0.12244897959183673,8166.666666666667,0.04879836734693877,43.0,10.0,1.0,0.0,2.0
13200.0,60.0,20.0,349.72,37000.0,14.47,5.0,0.0,79.0,1.1,5.0,0.0,0.0,0.0,0.0,682.0,0.3567567567567568,3083.3333333333335,0.1134227027027027,10.0,3.0,5.0,1.0,2.0
16000.0,60.0,28.72,505.15,35000.0,46.98,15.0,0.0,9128.0,47.1,25.0,0.0,1.0,2.0,0.0,722.0,0.45714285714285713,2916.6666666666665,0.17319428571428572,40.0,6.0,1.0,2.0,2.0
20000.0,36.0,12.69,670.9,62000.0,24.3,18.0,0.0,18845.0,86.1,39.0,11.0,1.0,0.0,0.0,662.0,0.3225806451612903,5166.666666666667,0.1298516129032258,57.0,1.0,5.0,2.0,2.0
23000.0,60.0,14.3,538.76,72000.0,18.99,12.0,0.0,25169.0,35.0,26.0,0.0,0.0,2.0,0.0,712.0,0.3194444444444444,6000.0,0.08979333333333334,38.0,5.0,1.0,2.0,2.0
33475.0,36.0,19.99,1243.89,250000.0,7.44,8.0,0.0,10280.0,69.5,15.0,0.0,0.0,5.0,0.0,697.0,0.1339,20833.333333333332,0.05970672000000001,23.0,2.0,1.0,1.0,2.0
8000.0,36.0,7.39,248.45,33000.0,23.64,30.0,0.0,9263.0,40.6,37.0,0.0,0.0,0.0,0.0,687.0,0.24242424242424243,2750.0,0.09034545454545455,67.0,3.0,5.0,1.0,2.0
7000.0,36.0,9.49,224.2,22800.0,12.16,11.0,0.0,3588.0,49.8,17.0,0.0,0.0,0.0,0.0,682.0,0.30701754385964913,1900.0,0.118,28.0,1.0,5.0,1.0,2.0
8000.0,36.0,7.9,250.33,35000.0,16.25,4.0,0.0,16758.0,76.2,10.0,0.0,0.0,1.0,0.0,727.0,0.22857142857142856,2916.6666666666665,0.08582742857142858,14.0,1.0,5.0,0.0,2.0
16000.0,60.0,19.99,423.82,150000.0,22.22,18.0,0.0,25830.0,68.7,57.0,0.0,2.0,9.0,0.0,682.0,0.10666666666666667,12500.0,0.0339056,75.0,10.0,1.0,0.0,2.0
10800.0,36.0,9.16,344.25,70000.0,14.36,33.0,0.0,9407.0,66.7,65.0,3.0,1.0,4.0,0.0,672.0,0.15428571428571428,5833.333333333333,0.05901428571428572,98.0,7.0,1.0,0.0,2.0
12000.0,60.0,14.49,282.28,65000.0,22.18,11.0,0.0,6531.0,35.0,26.0,0.0,5.0,2.0,0.0,702.0,0.18461538461538463,5416.666666666667,0.05211323076923076,37.0,7.0,1.0,2.0,2.0
24200.0,60.0,11.49,532.1,55016.0,23.3,8.0,0.0,6600.0,21.0,15.0,0.0,2.0,0.0,0.0,767.0,0.43987203722553436,4584.666666666667,0.11606078231787116,23.0,10.0,5.0,0.0,2.0
7125.0,36.0,11.67,235.54,51000.0,26.99,9.0,0.0,8263.0,36.6,24.0,0.0,0.0,1.0,0.0,742.0,0.13970588235294118,4250.0,0.05542117647058823,33.0,9.0,1.0,0.0,2.0
6000.0,36.0,12.35,200.3,85000.0,17.03,11.0,0.0,18390.0,91.0,29.0,0.0,0.0,0.0,0.0,707.0,0.07058823529411765,7083.333333333333,0.028277647058823532,40.0,0.0,5.0,0.0,2.0
9000.0,36.0,13.33,304.68,50000.0,8.28,13.0,0.0,10141.0,57.3,42.0,0.0,0.0,1.0,0.0,662.0,0.18,4166.666666666667,0.0731232,55.0,1.0,1.0,2.0,1.0
10000.0,36.0,6.62,307.04,60000.0,21.38,10.0,0.0,4195.0,17.5,14.0,0.0,0.0,0.0,0.0,737.0,0.16666666666666666,5000.0,0.061408000000000004,24.0,6.0,5.0,1.0,2.0
2000.0,36.0,7.21,61.95,65000.0,7.64,6.0,0.0,918.0,3.0,14.0,0.0,0.0,0.0,0.0,707.0,0.03076923076923077,5416.666666666667,0.011436923076923077,20.0,6.0,5.0,1.0,5.0
18000.0,60.0,15.41,432.11,63000.0,37.43,11.0,1.0,15338.0,62.9,17.0,0.0,1.0,1.0,1.0,687.0,0.2857142857142857,5250.0,0.08230666666666667,28.0,10.0,1.0,1.0,2.0
17450.0,36.0,9.71,560.69,65000.0,16.58,13.0,0.0,13678.0,33.4,32.0,0.0,0.0,0.0,0.0,702.0,0.2684615384615385,5416.666666666667,0.103512,45.0,2.0,5.0,0.0,2.0
3500.0,36.0,11.49,115.4,30000.0,18.8,10.0,0.0,3697.0,39.3,10.0,0.0,1.0,0.0,0.0,672.0,0.11666666666666667,2500.0,0.04616,20.0,1.0,5.0,2.0,1.0
20000.0,36.0,6.24,610.62,200000.0,3.91,12.0,1.0,4663.0,15.3,15.0,0.0,0.0,1.0,1.0,722.0,0.1,16666.666666666668,0.036637199999999995,27.0,10.0,5.0,2.0,1.0
10000.0,36.0,10.15,323.38,26500.0,17.66,13.0,0.0,7124.0,57.9,18.0,0.0,0.0,0.0,0.0,667.0,0.37735849056603776,2208.3333333333335,0.14643622641509432,31.0,4.0,5.0,0.0,1.0
21000.0,60.0,16.29,513.93,74000.0,29.38,15.0,0.0,33262.0,47.8,33.0,0.0,0.0,5.0,0.0,667.0,0.28378378378378377,6166.666666666667,0.08333999999999998,48.0,10.0,1.0,2.0,2.0
35000.0,36.0,17.86,1262.88,75000.0,19.63,5.0,0.0,20037.0,87.1,16.0,0.0,1.0,3.0,0.0,702.0,0.4666666666666667,6250.0,0.2020608,21.0,3.0,1.0,2.0,2.0
20000.0,36.0,9.49,640.57,80000.0,25.59,11.0,0.0,47212.0,65.5,18.0,0.0,0.0,3.0,0.0,707.0,0.25,6666.666666666667,0.0960855,29.0,10.0,1.0,1.0,1.0
20000.0,60.0,15.05,476.33,51000.0,13.72,8.0,0.0,11663.0,51.8,28.0,0.0,0.0,4.0,0.0,717.0,0.39215686274509803,4250.0,0.11207764705882353,36.0,10.0,1.0,0.0,2.0
5000.0,36.0,8.88,158.72,36000.0,1.23,3.0,0.0,1815.0,60.5,16.0,0.0,0.0,1.0,0.0,767.0,0.1388888888888889,3000.0,0.052906666666666664,19.0,8.0,1.0,0.0,6.0
20000.0,60.0,17.09,498.02,100000.0,15.76,14.0,0.0,20705.0,44.1,24.0,0.0,2.0,3.0,0.0,707.0,0.2,8333.333333333334,0.05976239999999999,38.0,6.0,1.0,2.0,2.0
35000.0,60.0,16.24,855.61,130000.0,18.38,14.0,0.0,48081.0,49.0,32.0,0.0,0.0,4.0,0.0,722.0,0.2692307692307692,10833.333333333334,0.07897938461538462,46.0,2.0,1.0,2.0,2.0
2000.0,36.0,11.44,65.9,69000.0,6.59,5.0,0.0,1195.0,39.8,7.0,0.0,0.0,1.0,0.0,727.0,0.028985507246376812,5750.0,0.011460869565217392,12.0,3.0,1.0,2.0,9.0
2000.0,36.0,5.32,60.23,28000.0,16.33,11.0,0.0,2652.0,8.8,22.0,0.0,0.0,0.0,0.0,782.0,0.07142857142857142,2333.3333333333335,0.02581285714285714,33.0,3.0,5.0,0.0,2.0
15000.0,60.0,15.31,359.3,50000.0,13.85,7.0,0.0,8223.0,76.9,27.0,0.0,0.0,7.0,0.0,692.0,0.3,4166.666666666667,0.086232,34.0,10.0,1.0,1.0,2.0
6000.0,36.0,12.74,201.42,37000.0,21.67,7.0,0.0,14122.0,33.6,14.0,0.0,0.0,1.0,0.0,692.0,0.16216216216216217,3083.3333333333335,0.06532540540540539,21.0,10.0,5.0,0.0,2.0
18000.0,36.0,12.39,601.22,45500.0,11.03,8.0,0.0,17836.0,42.5,26.0,0.0,0.0,0.0,0.0,702.0,0.3956043956043956,3791.6666666666665,0.1585635164835165,34.0,10.0,4.0,0.0,2.0
26150.0,60.0,24.99,767.39,57000.0,2.86,7.0,0.0,3602.0,21.8,14.0,1.0,0.0,0.0,0.0,677.0,0.4587719298245614,4750.0,0.1615557894736842,21.0,8.0,5.0,2.0,6.0
10000.0,36.0,7.9,312.91,104000.0,9.73,11.0,0.0,15878.0,38.8,31.0,0.0,0.0,7.0,0.0,692.0,0.09615384615384616,8666.666666666666,0.036105000000000005,42.0,10.0,1.0,0.0,1.0
20000.0,60.0,15.1,476.85,72000.0,20.58,17.0,0.0,21570.0,53.9,39.0,0.0,0.0,0.0,0.0,717.0,0.2777777777777778,6000.0,0.079475,56.0,5.0,5.0,1.0,2.0
27775.0,60.0,16.99,690.14,84752.3,25.76,10.0,0.0,23479.0,41.9,22.0,0.0,0.0,0.0,0.0,697.0,0.32771971970082225,7062.691666666667,0.09771628616568517,32.0,7.0,5.0,2.0,2.0
11000.0,36.0,12.12,365.99,31000.0,13.08,7.0,0.0,12561.0,67.5,19.0,0.0,0.0,1.0,0.0,697.0,0.3548387096774194,2583.3333333333335,0.14167354838709678,26.0,6.0,5.0,0.0,2.0
16000.0,36.0,12.99,539.03,120000.0,14.64,15.0,0.0,11367.0,71.5,25.0,0.0,0.0,0.0,0.0,682.0,0.13333333333333333,10000.0,0.053903,40.0,0.0,5.0,2.0,1.0
40000.0,36.0,12.74,1342.76,160000.0,8.16,10.0,0.0,31359.0,57.8,22.0,0.0,0.0,2.0,0.0,727.0,0.25,13333.333333333334,0.10070699999999999,32.0,7.0,1.0,1.0,2.0
20000.0,36.0,6.97,617.27,65000.0,26.83,15.0,0.0,61069.0,74.0,31.0,0.0,1.0,3.0,0.0,717.0,0.3076923076923077,5416.666666666667,0.11395753846153846,46.0,10.0,1.0,2.0,2.0
15600.0,36.0,19.03,572.08,110000.0,19.02,17.0,0.0,10890.0,81.3,32.0,1.0,0.0,2.0,0.0,707.0,0.14181818181818182,9166.666666666666,0.06240872727272728,49.0,2.0,4.0,0.0,2.0
4000.0,36.0,9.17,127.52,44500.0,15.83,4.0,1.0,502.0,4.2,24.0,0.0,0.0,3.0,1.0,672.0,0.0898876404494382,3708.3333333333335,0.03438741573033707,28.0,2.0,5.0,2.0,2.0
20000.0,36.0,6.97,617.27,131000.0,30.54,22.0,0.0,13408.0,39.0,44.0,0.0,0.0,2.0,0.0,742.0,0.15267175572519084,10916.666666666666,0.05654381679389313,66.0,2.0,1.0,2.0,1.0
1200.0,36.0,8.08,37.65,76000.0,14.08,14.0,0.0,3889.0,6.6,41.0,0.0,0.0,2.0,0.0,762.0,0.015789473684210527,6333.333333333333,0.005944736842105263,55.0,7.0,5.0,0.0,4.0
7200.0,36.0,15.61,251.75,36300.0,18.84,7.0,0.0,11049.0,68.2,11.0,0.0,2.0,0.0,0.0,662.0,0.19834710743801653,3025.0,0.08322314049586776,18.0,0.0,1.0,2.0,9.0
6000.0,36.0,7.89,187.72,55000.0,17.17,29.0,0.0,10531.0,26.2,38.0,0.0,3.0,0.0,0.0,737.0,0.10909090909090909,4583.333333333333,0.04095709090909091,67.0,5.0,5.0,1.0,2.0
14000.0,36.0,7.51,435.56,140000.0,3.05,21.0,0.0,16621.0,20.6,50.0,0.0,0.0,1.0,0.0,767.0,0.1,11666.666666666666,0.03733371428571429,71.0,10.0,1.0,1.0,1.0
6000.0,36.0,25.81,241.14,46000.0,20.09,6.0,0.0,8630.0,86.3,23.0,0.0,1.0,3.0,0.0,692.0,0.13043478260869565,3833.3333333333335,0.06290608695652174,29.0,1.0,5.0,2.0,2.0
20000.0,36.0,7.9,625.81,49000.0,7.0,4.0,0.0,6462.0,41.7,22.0,0.0,0.0,4.0,0.0,762.0,0.40816326530612246,4083.3333333333335,0.15325959183673468,26.0,10.0,1.0,0.0,1.0
25000.0,60.0,9.75,528.11,115000.0,14.19,16.0,0.0,20586.0,42.9,34.0,0.0,0.0,4.0,0.0,702.0,0.21739130434782608,9583.333333333334,0.05510713043478261,50.0,10.0,1.0,0.0,4.0
35000.0,60.0,16.99,869.66,159000.0,14.3,25.0,0.0,36872.0,94.3,45.0,1.0,2.0,1.0,0.0,662.0,0.22012578616352202,13250.0,0.06563471698113207,70.0,10.0,1.0,2.0,2.0
17600.0,60.0,15.22,420.74,54000.0,20.73,6.0,0.0,27563.0,96.0,12.0,0.0,0.0,2.0,0.0,697.0,0.32592592592592595,4500.0,0.09349777777777778,18.0,10.0,1.0,2.0,1.0
12000.0,36.0,14.65,413.94,95000.0,12.01,10.0,0.0,10113.0,96.3,16.0,1.0,1.0,2.0,0.0,677.0,0.12631578947368421,7916.666666666667,0.05228715789473684,26.0,10.0,1.0,1.0,5.0
20000.0,36.0,6.62,614.08,68000.0,25.32,13.0,0.0,38358.0,42.8,34.0,0.0,0.0,7.0,0.0,742.0,0.29411764705882354,5666.666666666667,0.10836705882352941,47.0,10.0,1.0,2.0,1.0
6000.0,36.0,14.07,205.27,60000.0,28.64,8.0,0.0,10758.0,68.1,18.0,1.0,2.0,3.0,0.0,667.0,0.1,5000.0,0.041054,26.0,6.0,1.0,1.0,2.0
25000.0,36.0,7.89,782.15,190000.0,5.26,4.0,0.0,6225.0,50.2,4.0,0.0,0.0,0.0,0.0,747.0,0.13157894736842105,15833.333333333334,0.04939894736842105,8.0,10.0,5.0,1.0,9.0
5000.0,36.0,13.33,169.27,31000.0,14.25,11.0,0.0,17240.0,59.9,30.0,0.0,0.0,6.0,0.0,692.0,0.16129032258064516,2583.3333333333335,0.06552387096774194,41.0,6.0,1.0,1.0,4.0
20000.0,36.0,10.75,652.41,130000.0,2.59,8.0,0.0,9165.0,52.7,27.0,0.0,1.0,2.0,0.0,667.0,0.15384615384615385,10833.333333333334,0.06022246153846153,35.0,10.0,5.0,1.0,2.0
12000.0,36.0,8.39,378.2,70000.0,13.54,10.0,1.0,10674.0,55.6,15.0,0.0,3.0,0.0,1.0,687.0,0.17142857142857143,5833.333333333333,0.06483428571428572,25.0,10.0,1.0,0.0,1.0
12000.0,36.0,16.29,423.61,45000.0,15.22,5.0,0.0,4865.0,86.9,11.0,0.0,1.0,0.0,0.0,682.0,0.26666666666666666,3750.0,0.11296266666666667,16.0,2.0,5.0,0.0,2.0
7750.0,36.0,11.99,257.38,72000.0,25.78,8.0,0.0,48996.0,96.6,22.0,1.0,0.0,2.0,0.0,682.0,0.1076388888888889,6000.0,0.042896666666666666,30.0,10.0,1.0,0.0,2.0
11200.0,36.0,12.29,373.56,38000.0,16.93,5.0,0.0,8096.0,98.7,6.0,0.0,0.0,0.0,0.0,672.0,0.29473684210526313,3166.6666666666665,0.1179663157894737,11.0,4.0,5.0,1.0,1.0
30000.0,60.0,14.65,708.2,102000.0,35.68,12.0,0.0,24673.0,66.3,34.0,0.0,0.0,0.0,0.0,707.0,0.29411764705882354,8500.0,0.08331764705882354,46.0,8.0,5.0,2.0,2.0
7825.0,36.0,18.99,286.8,32000.0,2.63,4.0,3.0,1236.0,8.5,6.0,0.0,1.0,0.0,3.0,662.0,0.24453125,2666.6666666666665,0.10755,10.0,5.0,4.0,1.0,9.0
6500.0,36.0,7.69,202.76,60000.0,10.9,7.0,0.0,6166.0,51.4,15.0,0.0,1.0,1.0,0.0,752.0,0.10833333333333334,5000.0,0.040552,22.0,4.0,1.0,0.0,2.0
28000.0,36.0,11.99,929.87,119000.0,0.0,7.0,0.0,0.0,0.0,41.0,0.0,0.0,3.0,0.0,797.0,0.23529411764705882,9916.666666666666,0.09376840336134454,48.0,10.0,4.0,1.0,4.0
9450.0,36.0,18.49,343.97,48000.0,7.68,4.0,0.0,3759.0,42.2,19.0,1.0,0.0,1.0,0.0,672.0,0.196875,4000.0,0.08599250000000001,23.0,7.0,5.0,0.0,2.0
35000.0,60.0,18.49,898.13,280000.0,16.15,13.0,0.0,5637.0,21.0,29.0,2.0,2.0,5.0,0.0,702.0,0.125,23333.333333333332,0.038491285714285714,42.0,5.0,1.0,1.0,2.0
19000.0,36.0,16.99,677.31,52000.0,34.46,26.0,0.0,34100.0,63.3,34.0,0.0,0.0,1.0,0.0,702.0,0.36538461538461536,4333.333333333333,0.15630230769230768,60.0,10.0,1.0,0.0,1.0
16800.0,60.0,9.99,356.87,72000.0,24.97,14.0,0.0,9372.0,22.1,36.0,1.0,0.0,2.0,0.0,792.0,0.23333333333333334,6000.0,0.059478333333333334,50.0,1.0,5.0,0.0,2.0
18000.0,60.0,9.44,377.51,85000.0,28.87,20.0,0.0,34861.0,21.7,33.0,0.0,0.0,1.0,0.0,797.0,0.21176470588235294,7083.333333333333,0.05329552941176471,53.0,5.0,5.0,1.0,7.0
20000.0,36.0,7.26,619.93,84000.0,12.57,10.0,0.0,10472.0,34.7,23.0,0.0,0.0,5.0,0.0,737.0,0.23809523809523808,7000.0,0.08856142857142857,33.0,10.0,1.0,1.0,2.0
17500.0,60.0,28.69,552.19,45000.0,21.79,7.0,1.0,1734.0,25.9,14.0,2.0,0.0,1.0,1.0,702.0,0.3888888888888889,3750.0,0.14725066666666667,21.0,10.0,1.0,1.0,2.0
7125.0,36.0,20.39,266.21,41000.0,45.87,12.0,0.0,23468.0,78.8,18.0,0.0,1.0,2.0,0.0,687.0,0.17378048780487804,3416.6666666666665,0.07791512195121951,30.0,2.0,1.0,2.0,4.0
35000.0,36.0,19.99,1300.55,98000.0,18.42,12.0,0.0,21988.0,63.9,30.0,2.0,1.0,3.0,0.0,687.0,0.35714285714285715,8166.666666666667,0.15925102040816325,42.0,10.0,1.0,1.0,2.0
4500.0,36.0,15.05,156.11,19600.0,9.37,6.0,0.0,2982.0,25.3,16.0,0.0,2.0,0.0,0.0,732.0,0.22959183673469388,1633.3333333333333,0.09557755102040817,22.0,6.0,4.0,1.0,2.0
20000.0,60.0,17.86,506.35,59000.0,29.23,11.0,1.0,7158.0,58.7,17.0,0.0,1.0,1.0,1.0,662.0,0.3389830508474576,4916.666666666667,0.1029864406779661,28.0,9.0,1.0,2.0,2.0
6200.0,36.0,16.99,221.02,43200.0,16.47,6.0,0.0,2977.0,85.1,7.0,0.0,0.0,0.0,0.0,697.0,0.14351851851851852,3600.0,0.061394444444444446,13.0,3.0,5.0,1.0,7.0
8000.0,36.0,14.33,274.71,60000.0,27.62,7.0,0.0,25256.0,85.3,11.0,0.0,1.0,0.0,0.0,707.0,0.13333333333333333,5000.0,0.054942,18.0,1.0,5.0,2.0,2.0
20000.0,36.0,7.89,625.72,166083.15,25.39,26.0,0.0,21891.0,21.5,42.0,0.0,1.0,6.0,0.0,762.0,0.12042160809209122,13840.262499999999,0.045210125169229995,68.0,10.0,1.0,2.0,2.0
10000.0,60.0,15.05,238.17,120000.0,18.96,10.0,0.0,4920.0,39.7,41.0,0.0,2.0,3.0,0.0,697.0,0.08333333333333333,10000.0,0.023816999999999998,51.0,7.0,1.0,0.0,9.0
15000.0,60.0,19.19,390.68,45000.0,16.37,19.0,0.0,8131.0,41.1,22.0,0.0,1.0,0.0,0.0,662.0,0.3333333333333333,3750.0,0.10418133333333333,41.0,0.0,4.0,2.0,2.0
5000.0,36.0,9.8,160.87,16050.0,18.77,7.0,0.0,4761.0,41.0,12.0,0.0,0.0,0.0,0.0,752.0,0.3115264797507788,1337.5,0.1202766355140187,19.0,10.0,5.0,0.0,9.0
12800.0,36.0,6.99,395.17,65000.0,24.41,13.0,0.0,7934.0,23.3,22.0,0.0,0.0,2.0,0.0,772.0,0.19692307692307692,5416.666666666667,0.07295446153846154,35.0,9.0,1.0,1.0,2.0
16000.0,36.0,13.33,541.65,95028.0,9.05,6.0,1.0,7273.0,37.0,27.0,0.0,1.0,5.0,1.0,682.0,0.16837142736877553,7919.0,0.06839878772572294,33.0,6.0,1.0,1.0,2.0
15000.0,36.0,16.29,529.51,42500.0,15.02,8.0,0.0,9613.0,77.5,22.0,0.0,0.0,0.0,0.0,667.0,0.35294117647058826,3541.6666666666665,0.14950870588235293,30.0,0.0,5.0,2.0,2.0
30000.0,36.0,8.67,949.4,200000.0,16.44,21.0,1.0,43637.0,62.7,51.0,0.0,0.0,3.0,0.0,677.0,0.15,16666.666666666668,0.056963999999999994,72.0,8.0,1.0,2.0,2.0
30225.0,36.0,19.03,1108.39,72000.0,0.42,1.0,0.0,344.0,68.8,14.0,0.0,0.0,0.0,0.0,732.0,0.4197916666666667,6000.0,0.18473166666666668,15.0,8.0,5.0,1.0,9.0
12000.0,36.0,8.39,378.2,160000.0,12.16,17.0,0.0,15531.0,28.7,30.0,0.0,0.0,0.0,0.0,692.0,0.075,13333.333333333334,0.028364999999999998,47.0,4.0,5.0,1.0,2.0
4000.0,36.0,10.99,130.94,110000.0,20.19,16.0,0.0,23885.0,69.4,30.0,0.0,1.0,2.0,0.0,687.0,0.03636363636363636,9166.666666666666,0.014284363636363637,46.0,3.0,1.0,2.0,7.0
24000.0,60.0,14.65,566.56,95000.0,7.23,7.0,0.0,2844.0,18.8,27.0,0.0,2.0,2.0,0.0,782.0,0.25263157894736843,7916.666666666667,0.07156547368421051,34.0,3.0,1.0,1.0,4.0
15000.0,36.0,11.44,494.22,135000.0,32.62,32.0,0.0,48152.0,49.9,61.0,0.0,0.0,1.0,0.0,682.0,0.1111111111111111,11250.0,0.043930666666666666,93.0,7.0,1.0,0.0,2.0
15000.0,36.0,12.74,503.54,125000.0,12.69,10.0,1.0,6119.0,54.6,15.0,0.0,1.0,1.0,1.0,682.0,0.12,10416.666666666666,0.04833984,25.0,3.0,4.0,1.0,4.0
15000.0,60.0,13.35,343.99,50000.0,22.2,6.0,1.0,5390.0,73.8,17.0,0.0,0.0,7.0,0.0,692.0,0.3,4166.666666666667,0.0825576,23.0,6.0,1.0,2.0,2.0
3000.0,60.0,13.98,69.78,39600.0,13.61,7.0,0.0,1203.0,57.3,25.0,3.0,1.0,1.0,0.0,682.0,0.07575757575757576,3300.0,0.021145454545454547,32.0,10.0,1.0,2.0,0.0
14000.0,36.0,11.99,464.94,60000.0,16.9,7.0,0.0,12292.0,41.4,10.0,0.0,0.0,0.0,0.0,692.0,0.23333333333333334,5000.0,0.092988,17.0,3.0,5.0,1.0,2.0
28000.0,36.0,6.92,863.54,84500.0,6.14,16.0,0.0,22144.0,23.6,26.0,0.0,1.0,4.0,0.0,747.0,0.33136094674556216,7041.666666666667,0.12263289940828401,42.0,10.0,4.0,1.0,2.0
29325.0,36.0,14.47,1008.97,66900.0,28.36,16.0,0.0,31682.0,57.1,17.0,0.0,0.0,1.0,0.0,692.0,0.4383408071748879,5575.0,0.1809811659192825,33.0,10.0,1.0,2.0,2.0
14000.0,36.0,13.33,473.95,206000.0,10.29,8.0,1.0,828.0,11.0,25.0,0.0,0.0,2.0,0.0,737.0,0.06796116504854369,17166.666666666668,0.02760873786407767,33.0,9.0,1.0,1.0,11.0
6000.0,36.0,13.33,203.12,67000.0,16.14,6.0,0.0,3769.0,73.9,19.0,4.0,2.0,2.0,0.0,667.0,0.08955223880597014,5583.333333333333,0.03637970149253732,25.0,10.0,4.0,1.0,2.0
19000.0,36.0,7.89,594.43,61680.0,6.87,5.0,0.0,1355.0,9.7,17.0,1.0,0.0,0.0,0.0,782.0,0.30804150453955903,5140.0,0.11564785992217898,22.0,5.0,4.0,0.0,1.0
10000.0,36.0,9.75,321.5,27588.13,16.53,9.0,1.0,9131.0,57.1,11.0,0.0,0.0,0.0,1.0,667.0,0.3624747309803165,2299.0108333333333,0.13984275121220613,20.0,7.0,5.0,1.0,2.0
12175.0,36.0,9.67,390.97,29000.0,10.76,6.0,0.0,10080.0,28.8,16.0,0.0,0.0,2.0,0.0,662.0,0.41982758620689653,2416.6666666666665,0.16178068965517242,22.0,10.0,1.0,1.0,1.0
5000.0,36.0,10.99,163.67,70000.0,16.6,14.0,0.0,12087.0,54.7,37.0,0.0,0.0,4.0,0.0,682.0,0.07142857142857142,5833.333333333333,0.028057714285714287,51.0,6.0,1.0,2.0,2.0
15000.0,36.0,7.39,465.84,190000.0,14.88,11.0,0.0,30076.0,62.4,16.0,0.0,1.0,1.0,0.0,692.0,0.07894736842105263,15833.333333333334,0.029421473684210525,27.0,4.0,1.0,0.0,7.0
13225.0,60.0,20.99,357.71,135500.0,15.04,13.0,0.0,4856.0,35.7,30.0,3.0,0.0,3.0,0.0,667.0,0.09760147601476014,11291.666666666666,0.03167911439114391,43.0,10.0,1.0,1.0,2.0
5000.0,36.0,13.65,170.04,20000.0,23.77,11.0,0.0,11750.0,51.5,24.0,1.0,0.0,0.0,0.0,677.0,0.25,1666.6666666666667,0.10202399999999999,35.0,2.0,5.0,1.0,1.0
2000.0,36.0,14.49,68.84,50000.0,2.14,4.0,0.0,2812.0,72.1,8.0,0.0,0.0,2.0,0.0,667.0,0.04,4166.666666666667,0.0165216,12.0,8.0,1.0,2.0,2.0
8500.0,36.0,8.38,267.86,68000.0,17.97,17.0,1.0,10810.0,53.8,46.0,0.0,1.0,1.0,1.0,672.0,0.125,5666.666666666667,0.04726941176470588,63.0,7.0,5.0,1.0,1.0
6000.0,36.0,17.1,214.22,35300.0,15.4,14.0,0.0,15701.0,58.8,20.0,0.0,0.0,0.0,0.0,702.0,0.16997167138810199,2941.6666666666665,0.07282266288951841,34.0,3.0,5.0,0.0,9.0
35000.0,60.0,9.8,740.21,120000.0,20.61,11.0,1.0,8362.0,18.8,30.0,0.0,0.0,2.0,0.0,742.0,0.2916666666666667,10000.0,0.074021,41.0,10.0,5.0,1.0,1.0
6950.0,36.0,16.2,245.03,75000.0,5.41,8.0,1.0,3504.0,62.6,17.0,0.0,1.0,0.0,1.0,672.0,0.09266666666666666,6250.0,0.0392048,25.0,5.0,5.0,2.0,2.0
30000.0,36.0,9.17,956.37,80000.0,11.69,14.0,0.0,7689.0,50.6,32.0,1.0,0.0,0.0,0.0,682.0,0.375,6666.666666666667,0.14345549999999999,46.0,2.0,5.0,1.0,2.0
6000.0,36.0,7.69,187.17,75000.0,12.98,16.0,1.0,13612.0,49.9,31.0,0.0,0.0,1.0,1.0,672.0,0.08,6250.0,0.029947199999999997,47.0,10.0,5.0,1.0,2.0
7000.0,36.0,14.99,242.63,40000.0,18.81,8.0,0.0,11839.0,68.8,8.0,0.0,1.0,0.0,0.0,677.0,0.175,3333.3333333333335,0.07278899999999999,16.0,3.0,5.0,0.0,2.0
10000.0,36.0,9.16,318.75,31200.0,12.54,13.0,0.0,9615.0,20.2,17.0,0.0,0.0,0.0,0.0,757.0,0.32051282051282054,2600.0,0.12259615384615384,30.0,1.0,5.0,0.0,1.0
20000.0,60.0,14.47,470.26,69936.0,21.07,8.0,0.0,17528.0,73.3,18.0,0.0,0.0,0.0,0.0,742.0,0.2859757492564631,5828.0,0.08068977350720659,26.0,0.0,5.0,1.0,2.0
14000.0,36.0,11.53,461.87,53000.0,12.92,9.0,0.0,9938.0,26.0,24.0,0.0,0.0,1.0,0.0,702.0,0.2641509433962264,4416.666666666667,0.10457433962264151,33.0,4.0,4.0,2.0,8.0
22000.0,36.0,5.32,662.53,90000.0,11.75,7.0,0.0,21964.0,46.7,13.0,0.0,0.0,0.0,0.0,782.0,0.24444444444444444,7500.0,0.08833733333333332,20.0,2.0,5.0,0.0,1.0
15000.0,60.0,22.74,420.62,90000.0,19.76,14.0,0.0,15524.0,38.0,30.0,1.0,2.0,1.0,0.0,712.0,0.16666666666666666,7500.0,0.05608266666666667,44.0,10.0,1.0,2.0,2.0
30000.0,60.0,13.11,684.29,82000.0,23.47,11.0,0.0,16345.0,23.9,28.0,0.0,0.0,3.0,0.0,742.0,0.36585365853658536,6833.333333333333,0.10013999999999999,39.0,4.0,1.0,2.0,2.0
25750.0,36.0,11.99,855.15,70000.0,25.18,28.0,0.0,19716.0,20.7,58.0,0.0,1.0,3.0,0.0,727.0,0.3678571428571429,5833.333333333333,0.14659714285714287,86.0,10.0,4.0,0.0,4.0
10000.0,36.0,10.74,326.16,47508.0,10.23,7.0,0.0,12612.0,84.6,12.0,0.0,0.0,1.0,0.0,692.0,0.21049086469647219,3959.0,0.08238444051528164,19.0,3.0,5.0,0.0,2.0
8000.0,36.0,16.55,283.44,103000.0,16.73,19.0,0.0,14377.0,61.2,34.0,1.0,3.0,2.0,0.0,692.0,0.07766990291262135,8583.333333333334,0.033022135922330095,53.0,10.0,1.0,2.0,1.0
25000.0,60.0,8.19,509.19,92300.0,20.09,29.0,0.0,34660.0,44.6,37.0,0.0,1.0,2.0,0.0,727.0,0.27085590465872156,7691.666666666667,0.06620021668472373,66.0,10.0,1.0,1.0,2.0
3600.0,36.0,17.99,130.14,85000.0,6.35,11.0,2.0,8723.0,99.1,16.0,0.0,0.0,1.0,2.0,672.0,0.042352941176470586,7083.333333333333,0.01837270588235294,27.0,10.0,1.0,1.0,2.0
4000.0,36.0,13.49,135.73,80000.0,10.17,5.0,0.0,1156.0,21.4,7.0,0.0,0.0,0.0,0.0,722.0,0.05,6666.666666666667,0.0203595,12.0,10.0,1.0,2.0,8.0
12000.0,60.0,13.99,279.16,94000.0,8.53,10.0,0.0,8712.0,26.1,41.0,0.0,0.0,0.0,0.0,747.0,0.1276595744680851,7833.333333333333,0.035637446808510644,51.0,10.0,5.0,1.0,2.0
27000.0,36.0,7.12,835.17,190000.0,6.43,15.0,0.0,9825.0,37.8,32.0,0.0,0.0,0.0,0.0,737.0,0.14210526315789473,15833.333333333334,0.052747578947368416,47.0,4.0,5.0,1.0,2.0
15000.0,36.0,6.62,460.56,47000.0,26.53,12.0,0.0,8714.0,27.4,26.0,0.0,1.0,1.0,0.0,777.0,0.3191489361702128,3916.6666666666665,0.11758978723404256,38.0,8.0,1.0,2.0,2.0
16000.0,60.0,15.59,385.62,76000.0,30.3,16.0,0.0,29323.0,84.3,33.0,0.0,0.0,1.0,0.0,677.0,0.21052631578947367,6333.333333333333,0.060887368421052634,49.0,10.0,1.0,2.0,2.0
4000.0,36.0,10.49,130.0,48000.0,18.69,9.0,0.0,1869.0,8.0,13.0,0.0,0.0,0.0,0.0,662.0,0.08333333333333333,4000.0,0.0325,22.0,10.0,5.0,0.0,2.0
35000.0,60.0,22.74,981.45,180000.0,16.72,14.0,1.0,41950.0,78.9,33.0,0.0,2.0,0.0,1.0,662.0,0.19444444444444445,15000.0,0.06543,47.0,10.0,4.0,1.0,1.0
7000.0,36.0,7.07,216.37,44000.0,1.75,4.0,0.0,4126.0,42.5,6.0,0.0,0.0,1.0,0.0,732.0,0.1590909090909091,3666.6666666666665,0.05901000000000001,10.0,2.0,1.0,1.0,2.0
9000.0,36.0,13.49,305.38,70000.0,20.62,16.0,1.0,9692.0,83.6,38.0,0.0,2.0,1.0,1.0,687.0,0.12857142857142856,5833.333333333333,0.05235085714285714,54.0,3.0,5.0,1.0,1.0
28000.0,36.0,8.39,882.47,80000.0,16.26,9.0,0.0,31489.0,70.9,19.0,0.0,0.0,2.0,0.0,722.0,0.35,6666.666666666667,0.1323705,28.0,8.0,1.0,1.0,2.0
11000.0,36.0,17.77,396.41,46000.0,25.73,8.0,0.0,9660.0,77.3,19.0,0.0,1.0,0.0,0.0,677.0,0.2391304347826087,3833.3333333333335,0.10341130434782608,27.0,7.0,4.0,2.0,2.0
34225.0,36.0,13.33,1158.63,78000.0,29.97,13.0,0.0,24200.0,89.0,19.0,0.0,0.0,3.0,0.0,672.0,0.4387820512820513,6500.0,0.17825076923076924,32.0,0.0,1.0,2.0,1.0
3000.0,36.0,7.14,92.83,58000.0,0.58,4.0,0.0,1892.0,9.2,29.0,0.0,0.0,1.0,0.0,792.0,0.05172413793103448,4833.333333333333,0.019206206896551725,33.0,10.0,1.0,2.0,11.0
12000.0,36.0,8.9,381.04,70000.0,11.26,9.0,0.0,12500.0,44.0,21.0,0.0,1.0,1.0,0.0,742.0,0.17142857142857143,5833.333333333333,0.06532114285714287,30.0,2.0,1.0,0.0,1.0
17050.0,60.0,23.4,484.58,38000.0,22.84,14.0,0.0,18893.0,64.7,19.0,0.0,1.0,0.0,0.0,672.0,0.4486842105263158,3166.6666666666665,0.15302526315789475,33.0,0.0,5.0,2.0,1.0
20000.0,60.0,12.05,445.4,90000.0,20.71,21.0,0.0,15899.0,37.1,47.0,0.0,0.0,5.0,0.0,727.0,0.2222222222222222,7500.0,0.059386666666666664,68.0,0.0,1.0,1.0,4.0
12000.0,36.0,13.58,407.69,85000.0,27.57,9.0,0.0,22389.0,90.3,24.0,0.0,3.0,1.0,0.0,687.0,0.1411764705882353,7083.333333333333,0.05755623529411765,33.0,6.0,1.0,1.0,2.0
8000.0,36.0,18.75,292.24,41600.0,15.06,5.0,0.0,9639.0,90.1,10.0,0.0,1.0,1.0,0.0,672.0,0.19230769230769232,3466.6666666666665,0.0843,15.0,10.0,1.0,0.0,2.0
28000.0,36.0,14.08,958.07,60000.0,19.19,10.0,0.0,16294.0,67.3,15.0,0.0,1.0,1.0,0.0,677.0,0.4666666666666667,5000.0,0.191614,25.0,2.0,1.0,2.0,2.0
18000.0,60.0,16.89,446.29,55454.0,17.42,15.0,0.0,11792.0,39.3,39.0,0.0,1.0,1.0,0.0,692.0,0.3245933566559671,4621.166666666667,0.09657517942799437,54.0,10.0,4.0,0.0,2.0
10000.0,36.0,9.49,320.29,85000.0,7.4,8.0,1.0,2457.0,39.6,20.0,0.0,1.0,1.0,1.0,662.0,0.11764705882352941,7083.333333333333,0.04521741176470589,28.0,10.0,4.0,1.0,2.0
26375.0,36.0,15.31,918.31,60000.0,13.3,4.0,0.0,33877.0,68.9,11.0,0.0,0.0,0.0,0.0,717.0,0.4395833333333333,5000.0,0.183662,15.0,7.0,5.0,2.0,2.0
30800.0,36.0,15.99,1082.69,150000.0,25.47,13.0,3.0,23090.0,81.3,38.0,1.0,2.0,4.0,0.0,672.0,0.20533333333333334,12500.0,0.0866152,51.0,3.0,1.0,2.0,2.0
4800.0,36.0,15.05,166.52,20000.0,18.67,4.0,0.0,1584.0,31.7,5.0,0.0,0.0,0.0,0.0,722.0,0.24,1666.6666666666667,0.099912,9.0,0.0,5.0,0.0,1.0
7000.0,36.0,16.99,249.54,33000.0,7.09,7.0,1.0,6728.0,29.6,10.0,0.0,2.0,0.0,1.0,682.0,0.21212121212121213,2750.0,0.09074181818181817,17.0,3.0,1.0,1.0,6.0
6525.0,36.0,19.19,239.81,48000.0,38.83,6.0,0.0,18845.0,68.5,28.0,0.0,2.0,0.0,0.0,682.0,0.1359375,4000.0,0.0599525,34.0,4.0,5.0,1.0,1.0
28775.0,60.0,14.49,676.88,60000.0,23.54,9.0,0.0,37064.0,83.3,27.0,0.0,0.0,0.0,0.0,707.0,0.4795833333333333,5000.0,0.135376,36.0,10.0,5.0,1.0,1.0
15000.0,36.0,6.99,463.09,165000.0,18.12,14.0,1.0,14864.0,29.6,32.0,0.0,1.0,0.0,1.0,727.0,0.09090909090909091,13750.0,0.033679272727272724,46.0,3.0,5.0,0.0,1.0
15000.0,36.0,7.62,467.43,45000.0,18.53,6.0,0.0,23965.0,51.7,28.0,0.0,0.0,0.0,0.0,712.0,0.3333333333333333,3750.0,0.124648,34.0,7.0,4.0,0.0,2.0
19200.0,36.0,12.69,644.07,48000.0,15.65,6.0,0.0,6469.0,48.3,18.0,0.0,0.0,0.0,0.0,697.0,0.4,4000.0,0.1610175,24.0,2.0,5.0,2.0,1.0
12000.0,36.0,8.39,378.2,45000.0,10.08,8.0,0.0,5851.0,28.4,11.0,0.0,3.0,0.0,0.0,712.0,0.26666666666666666,3750.0,0.10085333333333334,19.0,1.0,5.0,0.0,1.0
9500.0,36.0,16.59,336.77,105000.0,5.46,6.0,0.0,7677.0,33.4,23.0,0.0,5.0,3.0,0.0,672.0,0.09047619047619047,8750.0,0.038488,29.0,3.0,5.0,1.0,9.0
20000.0,36.0,11.53,659.81,77000.0,19.64,7.0,0.0,18194.0,100.0,17.0,0.0,0.0,4.0,0.0,692.0,0.2597402597402597,6416.666666666667,0.10282753246753246,24.0,6.0,1.0,2.0,2.0
14000.0,36.0,12.99,471.65,62000.0,22.53,9.0,1.0,15641.0,41.7,29.0,0.0,1.0,2.0,1.0,672.0,0.22580645161290322,5166.666666666667,0.09128709677419354,38.0,10.0,5.0,1.0,2.0
4000.0,36.0,9.17,127.52,42000.0,34.91,14.0,0.0,3838.0,18.5,28.0,0.0,1.0,2.0,0.0,767.0,0.09523809523809523,3500.0,0.03643428571428571,42.0,10.0,1.0,0.0,2.0
11000.0,36.0,5.32,331.27,175000.0,13.37,24.0,0.0,13636.0,9.5,55.0,0.0,2.0,6.0,0.0,827.0,0.06285714285714286,14583.333333333334,0.02271565714285714,79.0,0.0,1.0,1.0,9.0
15400.0,36.0,10.42,499.96,45000.0,4.55,7.0,2.0,2395.0,25.2,10.0,0.0,0.0,0.0,1.0,682.0,0.3422222222222222,3750.0,0.13332266666666667,17.0,0.0,5.0,1.0,2.0
20000.0,60.0,18.99,518.71,120000.0,34.77,15.0,0.0,5697.0,41.0,41.0,0.0,0.0,1.0,0.0,677.0,0.16666666666666666,10000.0,0.051871,56.0,0.0,4.0,1.0,2.0
16000.0,60.0,16.02,389.26,87000.0,0.99,4.0,0.0,1029.0,22.4,11.0,0.0,0.0,0.0,0.0,667.0,0.1839080459770115,7250.0,0.053691034482758616,15.0,10.0,5.0,1.0,9.0
3000.0,36.0,14.49,103.25,85000.0,12.77,7.0,0.0,16059.0,91.2,13.0,0.0,0.0,0.0,0.0,712.0,0.03529411764705882,7083.333333333333,0.014576470588235295,20.0,10.0,5.0,1.0,12.0
17000.0,36.0,17.99,614.51,85000.0,30.5,10.0,0.0,9202.0,74.8,19.0,0.0,1.0,5.0,0.0,687.0,0.2,7083.333333333333,0.08675435294117648,29.0,10.0,1.0,1.0,2.0
5000.0,36.0,9.99,161.32,60000.0,25.44,7.0,1.0,6809.0,55.0,34.0,4.0,1.0,2.0,1.0,662.0,0.08333333333333333,5000.0,0.032264,41.0,0.0,5.0,0.0,2.0
30000.0,36.0,8.38,945.36,140000.0,19.48,12.0,0.0,36456.0,74.2,24.0,0.0,0.0,0.0,0.0,717.0,0.21428571428571427,11666.666666666666,0.08103085714285715,36.0,1.0,1.0,1.0,2.0
28000.0,60.0,12.69,632.66,78000.0,14.49,13.0,0.0,20199.0,44.6,24.0,0.0,0.0,1.0,0.0,717.0,0.358974358974359,6500.0,0.09733230769230769,37.0,6.0,4.0,0.0,4.0
12175.0,36.0,13.35,412.28,80000.0,14.42,6.0,1.0,5905.0,37.4,22.0,0.0,0.0,3.0,1.0,662.0,0.1521875,6666.666666666667,0.061841999999999994,28.0,5.0,5.0,1.0,2.0
26650.0,36.0,15.99,936.81,75000.0,23.01,13.0,2.0,3866.0,11.5,25.0,0.0,0.0,2.0,1.0,742.0,0.35533333333333333,6250.0,0.14988959999999998,38.0,7.0,1.0,0.0,2.0
3000.0,36.0,11.99,99.63,22000.0,4.53,8.0,0.0,3322.0,29.4,20.0,0.0,0.0,0.0,0.0,672.0,0.13636363636363635,1833.3333333333333,0.054343636363636365,28.0,5.0,5.0,1.0,2.0
24000.0,60.0,16.29,587.34,90000.0,9.37,11.0,1.0,8729.0,98.1,26.0,0.0,0.0,4.0,1.0,687.0,0.26666666666666666,7500.0,0.078312,37.0,0.0,1.0,1.0,2.0
5000.0,36.0,15.41,174.34,26000.0,5.86,8.0,0.0,3182.0,50.5,10.0,0.0,0.0,0.0,0.0,682.0,0.19230769230769232,2166.6666666666665,0.0804646153846154,18.0,6.0,5.0,1.0,2.0
18000.0,60.0,12.69,406.71,95000.0,8.88,9.0,1.0,7301.0,46.8,16.0,0.0,1.0,1.0,1.0,677.0,0.18947368421052632,7916.666666666667,0.0513738947368421,25.0,10.0,1.0,0.0,2.0
7000.0,36.0,8.24,220.14,53000.0,22.85,8.0,0.0,7894.0,48.4,12.0,0.0,0.0,0.0,0.0,712.0,0.1320754716981132,4416.666666666667,0.04984301886792452,20.0,0.0,5.0,2.0,2.0
10000.0,36.0,13.33,338.54,106756.0,12.19,9.0,0.0,5574.0,59.3,15.0,0.0,1.0,1.0,0.0,667.0,0.09367155007681068,8896.333333333334,0.03805387987560418,24.0,2.0,1.0,2.0,2.0
21000.0,36.0,12.69,704.45,200000.0,12.56,3.0,1.0,8524.0,85.2,7.0,0.0,0.0,0.0,0.0,677.0,0.105,16666.666666666668,0.042267,10.0,6.0,4.0,1.0,2.0
10000.0,36.0,19.03,366.72,120000.0,31.84,14.0,0.0,21243.0,51.8,31.0,0.0,0.0,3.0,0.0,687.0,0.08333333333333333,10000.0,0.036672,45.0,10.0,1.0,0.0,2.0
20000.0,60.0,15.61,482.23,97000.0,25.3,13.0,0.0,2734.0,21.7,20.0,1.0,0.0,0.0,0.0,672.0,0.20618556701030927,8083.333333333333,0.05965731958762887,33.0,1.0,5.0,1.0,2.0
21325.0,36.0,9.16,679.72,75000.0,34.51,12.0,0.0,149331.0,59.9,37.0,0.0,0.0,3.0,0.0,707.0,0.2843333333333333,6250.0,0.10875520000000001,49.0,10.0,1.0,0.0,1.0
4900.0,36.0,16.99,174.68,24788.0,29.43,5.0,0.0,1778.0,32.3,44.0,0.0,2.0,0.0,0.0,667.0,0.19767629498144262,2065.6666666666665,0.08456349846700018,49.0,10.0,1.0,0.0,2.0
11000.0,36.0,9.49,352.32,71000.0,9.33,14.0,0.0,8376.0,31.0,18.0,1.0,0.0,0.0,0.0,677.0,0.15492957746478872,5916.666666666667,0.05954704225352112,32.0,8.0,1.0,1.0,2.0
